{
  "test_metrics": {
    "loss": 0.7114229798316956,
    "accuracy": 0.8115345239639282,
    "precision": [
      0.927891156462585,
      0.6246122026887281,
      1.0,
      0.9360902255639098,
      0.984641638225256,
      0.8947368421052632,
      0.32682926829268294,
      0.9848024316109423,
      0.39872611464968155,
      0.8660714285714286,
      0.8880407124681934,
      0.6757990867579908,
      0.7651122625215889,
      0.9586305278174037,
      0.45334434351775393
    ],
    "recall": [
      0.8368098159509203,
      0.714792899408284,
      0.9760425909494232,
      0.9109756097560976,
      0.9948275862068966,
      0.6375,
      0.6907216494845361,
      1.0,
      0.39173967459324155,
      0.9627791563275434,
      0.7986270022883295,
      0.5381818181818182,
      0.5395858708891595,
      0.8337468982630273,
      0.6828358208955224
    ],
    "f1_score": [
      0.88,
      0.6666666666666666,
      0.9878760664571172,
      0.92336217552534,
      0.9897084048027445,
      0.7445255474452555,
      0.44370860927152317,
      0.9923430321592649,
      0.3952020202020202,
      0.9118683901292597,
      0.8409638554216867,
      0.5991902834008097,
      0.6328571428571429,
      0.8918380889183809,
      0.5449131513647643
    ],
    "macro_precision": 0.7790218827502272,
    "macro_recall": 0.7672777595463202,
    "macro_f1": 0.7630015623081317,
    "weighted_precision": 0.8281837910150286,
    "weighted_recall": 0.811534500514933,
    "weighted_f1": 0.8149710167809597,
    "confusion_matrix": [
      [
        682,
        0,
        0,
        12,
        0,
        0,
        30,
        0,
        0,
        9,
        82,
        0,
        0,
        0,
        0
      ],
      [
        0,
        604,
        0,
        0,
        0,
        0,
        0,
        0,
        55,
        0,
        0,
        80,
        22,
        5,
        79
      ],
      [
        0,
        0,
        1100,
        0,
        18,
        6,
        3,
        0,
        0,
        0,
        0,
        0,
        0,
        0,
        0
      ],
      [
        5,
        0,
        0,
        747,
        0,
        0,
        0,
        0,
        0,
        62,
        6,
        0,
        0,
        0,
        0
      ],
      [
        0,
        0,
        0,
        0,
        1154,
        0,
        6,
        0,
        0,
        0,
        0,
        0,
        0,
        0,
        0
      ],
      [
        0,
        0,
        0,
        10,
        0,
        51,
        10,
        0,
        0,
        9,
        0,
        0,
        0,
        0,
        0
      ],
      [
        0,
        0,
        0,
        0,
        0,
        0,
        67,
        30,
        0,
        0,
        0,
        0,
        0,
        0,
        0
      ],
      [
        0,
        0,
        0,
        0,
        0,
        0,
        0,
        1944,
        0,
        0,
        0,
        0,
        0,
        0,
        0
      ],
      [
        0,
        128,
        0,
        0,
        0,
        0,
        0,
        0,
        313,
        0,
        0,
        113,
        37,
        22,
        186
      ],
      [
        0,
        0,
        0,
        0,
        0,
        0,
        30,
        0,
        0,
        776,
        0,
        0,
        0,
        0,
        0
      ],
      [
        48,
        0,
        0,
        29,
        0,
        0,
        59,
        0,
        0,
        40,
        698,
        0,
        0,
        0,
        0
      ],
      [
        0,
        101,
        0,
        0,
        0,
        0,
        0,
        0,
        119,
        0,
        0,
        444,
        9,
        0,
        152
      ],
      [
        0,
        59,
        0,
        0,
        0,
        0,
        0,
        0,
        94,
        0,
        0,
        3,
        443,
        1,
        221
      ],
      [
        0,
        8,
        0,
        0,
        0,
        0,
        0,
        0,
        78,
        0,
        0,
        10,
        14,
        672,
        24
      ],
      [
        0,
        67,
        0,
        0,
        0,
        0,
        0,
        0,
        126,
        0,
        0,
        7,
        54,
        1,
        549
      ]
    ],
    "classification_report": {
      "Backdoor": {
        "precision": 0.927891156462585,
        "recall": 0.8368098159509203,
        "f1-score": 0.88,
        "support": 815.0
      },
      "DDoS_HTTP": {
        "precision": 0.6246122026887281,
        "recall": 0.714792899408284,
        "f1-score": 0.6666666666666666,
        "support": 845.0
      },
      "DDoS_ICMP": {
        "precision": 1.0,
        "recall": 0.9760425909494232,
        "f1-score": 0.9878760664571172,
        "support": 1127.0
      },
      "DDoS_TCP": {
        "precision": 0.9360902255639098,
        "recall": 0.9109756097560976,
        "f1-score": 0.92336217552534,
        "support": 820.0
      },
      "DDoS_UDP": {
        "precision": 0.984641638225256,
        "recall": 0.9948275862068966,
        "f1-score": 0.9897084048027445,
        "support": 1160.0
      },
      "Fingerprinting": {
        "precision": 0.8947368421052632,
        "recall": 0.6375,
        "f1-score": 0.7445255474452555,
        "support": 80.0
      },
      "MITM": {
        "precision": 0.32682926829268294,
        "recall": 0.6907216494845361,
        "f1-score": 0.44370860927152317,
        "support": 97.0
      },
      "Normal": {
        "precision": 0.9848024316109423,
        "recall": 1.0,
        "f1-score": 0.9923430321592649,
        "support": 1944.0
      },
      "Password": {
        "precision": 0.39872611464968155,
        "recall": 0.39173967459324155,
        "f1-score": 0.3952020202020202,
        "support": 799.0
      },
      "Port_Scanning": {
        "precision": 0.8660714285714286,
        "recall": 0.9627791563275434,
        "f1-score": 0.9118683901292597,
        "support": 806.0
      },
      "Ransomware": {
        "precision": 0.8880407124681934,
        "recall": 0.7986270022883295,
        "f1-score": 0.8409638554216867,
        "support": 874.0
      },
      "SQL_injection": {
        "precision": 0.6757990867579908,
        "recall": 0.5381818181818182,
        "f1-score": 0.5991902834008097,
        "support": 825.0
      },
      "Uploading": {
        "precision": 0.7651122625215889,
        "recall": 0.5395858708891595,
        "f1-score": 0.6328571428571429,
        "support": 821.0
      },
      "Vulnerability_scanner": {
        "precision": 0.9586305278174037,
        "recall": 0.8337468982630273,
        "f1-score": 0.8918380889183809,
        "support": 806.0
      },
      "XSS": {
        "precision": 0.45334434351775393,
        "recall": 0.6828358208955224,
        "f1-score": 0.5449131513647643,
        "support": 804.0
      },
      "accuracy": 0.811534500514933,
      "macro avg": {
        "precision": 0.7790218827502272,
        "recall": 0.7672777595463202,
        "f1-score": 0.7630015623081317,
        "support": 12623.0
      },
      "weighted avg": {
        "precision": 0.8281837910150286,
        "recall": 0.811534500514933,
        "f1-score": 0.8149710167809597,
        "support": 12623.0
      }
    }
  },
  "num_training_samples": "100986",
  "data_classes_present": 15,
  "batch_size": 1024,
  "learning_rate": 0.001,
  "differential_privacy": false,
  "noise_multiplier": null,
  "final_epsilon": null,
  "delta": null
}