{
    "noise_type": "gaussian",
    "approach_info": {
        "algorithm": "Gaussian",
        "epsilon_calculation": "RDP accounting",
        "privacy_guarantees": "Differential Privacy (\u03b5,\u03b4)-DP"
    },
    "training_samples": 63116,
    "batch_size": 1024,
    "epochs": 20,
    "learning_rate": 0.001,
    "final_test_metrics": {
        "loss": 1.220370888710022,
        "accuracy": 0.7480654716491699,
        "precision": [
            0.9373368146214099,
            0.5477815699658704,
            0.9636363636363636,
            0.9015151515151515,
            0.8418604651162791,
            1.0,
            0.8,
            1.0,
            0.46774193548387094,
            0.8642857142857143,
            0.7931034482758621,
            0.41496598639455784,
            1.0,
            0.7030201342281879,
            0.34965034965034963
        ],
        "recall": [
            0.7053045186640472,
            0.6079545454545454,
            0.9786931818181818,
            0.9296875,
            1.0,
            0.08,
            0.13333333333333333,
            0.9991769547325103,
            0.05811623246492986,
            0.9622266401590457,
            0.8003663003663004,
            0.5922330097087378,
            0.15204678362573099,
            0.8330019880715706,
            0.6972111553784861
        ],
        "f1_score": [
            0.804932735426009,
            0.5763016157989228,
            0.971106412966878,
            0.9153846153846154,
            0.9141414141414141,
            0.14814814814814814,
            0.22857142857142856,
            0.9995883079456567,
            0.10338680926916222,
            0.9106302916274694,
            0.796718322698268,
            0.488,
            0.2639593908629442,
            0.7625113739763422,
            0.4657351962741184
        ],
        "macro_precision": 0.7723265288782412,
        "macro_recall": 0.6352901429184946,
        "macro_f1": 0.6232744042060918,
        "weighted_precision": 0.7847063745768691,
        "weighted_recall": 0.7480654573132056,
        "weighted_f1": 0.7246622402959413,
        "confusion_matrix": [
            [
                359,
                0,
                0,
                13,
                16,
                0,
                0,
                0,
                0,
                7,
                114,
                0,
                0,
                0,
                0
            ],
            [
                0,
                321,
                0,
                0,
                0,
                0,
                0,
                0,
                0,
                0,
                0,
                96,
                0,
                9,
                102
            ],
            [
                0,
                0,
                689,
                0,
                14,
                0,
                1,
                0,
                0,
                0,
                0,
                0,
                0,
                0,
                0
            ],
            [
                0,
                0,
                0,
                476,
                0,
                0,
                0,
                0,
                0,
                36,
                0,
                0,
                0,
                0,
                0
            ],
            [
                0,
                0,
                0,
                0,
                724,
                0,
                0,
                0,
                0,
                0,
                0,
                0,
                0,
                0,
                0
            ],
            [
                0,
                0,
                26,
                9,
                5,
                4,
                1,
                0,
                0,
                5,
                0,
                0,
                0,
                0,
                0
            ],
            [
                0,
                0,
                0,
                11,
                41,
                0,
                8,
                0,
                0,
                0,
                0,
                0,
                0,
                0,
                0
            ],
            [
                0,
                0,
                0,
                0,
                0,
                0,
                0,
                1214,
                0,
                1,
                0,
                0,
                0,
                0,
                0
            ],
            [
                0,
                47,
                0,
                0,
                0,
                0,
                0,
                0,
                29,
                0,
                0,
                156,
                0,
                51,
                216
            ],
            [
                0,
                0,
                0,
                0,
                19,
                0,
                0,
                0,
                0,
                484,
                0,
                0,
                0,
                0,
                0
            ],
            [
                24,
                0,
                0,
                19,
                41,
                0,
                0,
                0,
                0,
                25,
                437,
                0,
                0,
                0,
                0
            ],
            [
                0,
                36,
                0,
                0,
                0,
                0,
                0,
                0,
                8,
                0,
                0,
                305,
                0,
                36,
                130
            ],
            [
                0,
                146,
                0,
                0,
                0,
                0,
                0,
                0,
                21,
                0,
                0,
                81,
                78,
                22,
                165
            ],
            [
                0,
                2,
                0,
                0,
                0,
                0,
                0,
                0,
                4,
                1,
                0,
                39,
                0,
                419,
                38
            ],
            [
                0,
                34,
                0,
                0,
                0,
                0,
                0,
                0,
                0,
                1,
                0,
                58,
                0,
                59,
                350
            ]
        ],
        "classification_report": {
            "Backdoor": {
                "precision": 0.9373368146214099,
                "recall": 0.7053045186640472,
                "f1-score": 0.804932735426009,
                "support": 509.0
            },
            "DDoS_HTTP": {
                "precision": 0.5477815699658704,
                "recall": 0.6079545454545454,
                "f1-score": 0.5763016157989228,
                "support": 528.0
            },
            "DDoS_ICMP": {
                "precision": 0.9636363636363636,
                "recall": 0.9786931818181818,
                "f1-score": 0.971106412966878,
                "support": 704.0
            },
            "DDoS_TCP": {
                "precision": 0.9015151515151515,
                "recall": 0.9296875,
                "f1-score": 0.9153846153846154,
                "support": 512.0
            },
            "DDoS_UDP": {
                "precision": 0.8418604651162791,
                "recall": 1.0,
                "f1-score": 0.9141414141414141,