{
    "noise_type": "t_laplace",
    "approach_info": {
        "algorithm": "Laplace",
        "epsilon_calculation": "Pure DP accounting",
        "privacy_guarantees": "Differential Privacy (\u03b5,\u03b4)-DP"
    },
    "training_samples": 100986,
    "batch_size": 1024,
    "epochs": 20,
    "learning_rate": 0.001,
    "final_test_metrics": {
        "loss": 3.1909751892089844,
        "accuracy": 0.07866592705249786,
        "precision": [
            0.0,
            0.0,
            0.0,
            0.0,
            0.0,
            0.0,
            0.0,
            0.3515981735159817,
            0.061410865716149475,
            0.10300429184549356,
            0.0,
            1.0,
            0.0,
            0.006024096385542169,
            0.0
        ],
        "recall": [
            0.0,
            0.0,
            0.0,
            0.0,
            0.0,
            0.0,
            0.0,
            0.15843621399176955,
            0.8247809762202754,
            0.02977667493796526,
            0.0,
            0.0012121212121212121,
            0.0,
            0.0012406947890818859,
            0.0
        ],
        "f1_score": [
            0.0,
            0.0,
            0.0,
            0.0,
            0.0,
            0.0,
            0.0,
            0.21843971631205675,
            0.11431049436253253,
            0.04619826756496631,
            0.0,
            0.002421307506053269,
            0.0,
            0.00205761316872428,
            0.0
        ],
        "macro_precision": 0.1014691618308778,
        "macro_recall": 0.06769644541008088,
        "macro_f1": 0.025561826594288874,
        "weighted_precision": 0.13035340346482507,
        "weighted_recall": 0.07866592727560802,
        "weighted_f1": 0.044115718297563986,
        "confusion_matrix": [
            [
                0,
                0,
                0,
                0,
                0,
                0,
                0,
                1,
                804,
                7,
                0,
                0,
                0,
                3,
                0
            ],
            [
                0,
                0,
                0,
                0,
                0,
                10,
                0,
                43,
                759,
                31,
                0,
                0,
                0,
                2,
                0
            ],
            [
                0,
                0,
                0,
                0,
                0,
                0,
                0,
                0,
                1049,
                0,
                78,
                0,
                0,
                0,
                0
            ],
            [
                0,
                0,
                145,
                0,
                0,
                0,
                0,
                5,
                670,
                0,
                0,
                0,
                0,
                0,
                0
            ],
            [
                0,
                0,
                0,
                0,
                0,
                0,
                0,
                0,
                1111,
                0,
                49,
                0,
                0,
                0,
                0
            ],
            [
                0,
                0,
                0,
                0,
                0,
                0,
                0,
                0,
                74,
                6,
                0,
                0,
                0,
                0,
                0
            ],
            [
                0,
                2,
                0,
                0,
                0,
                0,
                0,
                0,
                95,
                0,
                0,
                0,
                0,
                0,
                0
            ],
            [
                0,
                18,
                0,
                2,
                0,
                48,
                0,
                308,
                1403,
                28,
                0,
                0,
                0,
                137,
                0
            ],
            [
                0,
                1,
                0,
                0,
                0,
                33,
                0,
                70,
                659,
                34,
                0,
                0,
                0,
                2,
                0
            ],
            [
                0,
                0,
                107,
                0,
                0,
                0,
                0,
                26,
                649,
                24,
                0,
                0,
                0,
                0,
                0
            ],
            [
                0,
                0,
                0,
                0,
                0,
                0,
                0,
                0,
                848,
                24,
                0,
                0,
                0,
                2,
                0
            ],
            [
                0,
                3,
                0,
                0,
                0,
                27,
                0,
                58,
                715,
                17,
                0,
                1,
                0,
                4,
                0
            ],
            [
                0,
                0,
                0,
                0,
                0,
                17,
                0,
                54,
                702,
                34,
                0,
                0,
                0,
                14,
                0
            ],
            [
                0,
                2,
                0,
                0,
                0,
                1,
                0,
                215,
                581,
                6,
                0,
                0,
                0,
                1,
                0
            ],
            [
                0,
                37,
                0,
                0,
                0,
                36,
                0,
                96,
                612,
                22,
                0,
                0,
                0,
                1,
                0
            ]
        ],
        "classification_report": {
            "Backdoor": {
                "precision": 0.0,
                "recall": 0.0,
                "f1-score": 0.0,
                "support": 815.0
            },
            "DDoS_HTTP": {
                "precision": 0.0,
                "recall": 0.0,
                "f1-score": 0.0,
                "support": 845.0
            },
            "DDoS_ICMP": {
                "precision": 0.0,
                "recall": 0.0,
                "f1-score": 0.0,
                "support": 1127.0
            },
            "DDoS_TCP": {
                "precision": 0.0,
                "recall": 0.0,
                "f1-score": 0.0,
                "support": 820.0
            },
            "DDoS_UDP": {
                "precision": 0.0,
                "recall": 0.0,
                "f1-score": 0.0,
                "support": 1160.0
            },
            "Fingerprinting": {
                "precision": 0.0,
                "recall": 0.0,
                "f1-score": 0.0,
                "support": 80.0
            },
            "MITM": {
                "precision": 0.0,
                "recall": 0.0,
                "f1-score": 0.0,
                "support": 97.0
            },
            "Normal": {
                "precision": 0.3515981735159817,
                "recall": 0.15843621399176955,